{"accuracy": 0.7792207792207793, "precision": 0.776122364368633, "recall": 0.7819518603271464, "f1": 0.7780885780885781, "acc_per_class": {"0": 0.7777777777777778, "1": 0.7391304347826086, "2": 0.8289473684210527}}