{"accuracy": 0.7835497835497836, "precision": 0.7814726521841319, "recall": 0.7855750487329435, "f1": 0.783159315492281, "acc_per_class": {"0": 0.7777777777777778, "1": 0.75, "2": 0.8289473684210527}}