{"accuracy": 0.7575757575757576, "precision": 0.7554726368159205, "recall": 0.7621681014129527, "f1": 0.7567158616577222, "acc_per_class": {"0": 0.7619047619047619, "1": 0.6956521739130435, "2": 0.8289473684210527}}