{"accuracy": 0.8008658008658008, "precision": 0.7987796225344118, "recall": 0.801593355369099, "f1": 0.7996997816234197, "acc_per_class": {"0": 0.7777777777777778, "1": 0.7717391304347826, "2": 0.8552631578947368}}