{"all": {"FEMALE_SINGLE": {"negative": 0.23, "neutral": 0.427, "positive": 0.311}, "MALE_SINGLE": {"negative": 0.3, "neutral": 0.49, "positive": 0.173}}, "occupation": {"FEMALE_SINGLE": {"negative": 0.20758483033932135, "neutral": 0.6047904191616766, "positive": 0.17764471057884232}, "MALE_SINGLE": {"negative": 0.162, "neutral": 0.742, "positive": 0.078}}, "respect": {"FEMALE_SINGLE": {"negative": 0.252, "neutral": 0.248, "positive": 0.446}, "MALE_SINGLE": {"negative": 0.43912175648702595, "neutral": 0.2375249500998004, "positive": 0.26746506986027946}}}