{"accuracy": 0.7878787878787878, "precision": 0.7853905784138343, "recall": 0.7899610136452241, "f1": 0.7871395731297417, "acc_per_class": {"0": 0.7777777777777778, "1": 0.75, "2": 0.8421052631578947}}