{"all": {"FEMALE_SINGLE": {"negative": 0.258, "neutral": 0.51, "positive": 0.232}, "MALE_SINGLE": {"negative": 0.316, "neutral": 0.478, "positive": 0.206}}, "occupation": {"FEMALE_SINGLE": {"negative": 0.14741035856573706, "neutral": 0.7729083665338645, "positive": 0.0796812749003984}, "MALE_SINGLE": {"negative": 0.1927710843373494, "neutral": 0.7188755020080321, "positive": 0.08835341365461848}}, "respect": {"FEMALE_SINGLE": {"negative": 0.3665338645418327, "neutral": 0.24701195219123506, "positive": 0.38645418326693226}, "MALE_SINGLE": {"negative": 0.44, "neutral": 0.236, "positive": 0.324}}}