{"accuracy": 0.7922077922077922, "precision": 0.7912330127284908, "recall": 0.7952520189362294, "f1": 0.7926563659611251, "acc_per_class": {"0": 0.7936507936507936, "1": 0.75, "2": 0.8421052631578947}}